name	time (min)	auc	test_auc	test_low_auc	test_high_auc	val_auc	diff_lib_auc	diff_indv_auc	diff_tissue_auc
HEXEvent_DSC	20	0.8954713318775157	0.871474775625128	0.881497198692579	0.8420034245568401	0.8740237592037177
HEXEvent_DSC	13	0.8837614759489547	0.864363621109059	0.8946456792968384	0.8627792424149953	0.8531619747523573
HEXEvent_DSC	11	0.8839479022012248	0.8693226631530374	0.8783534974230404	0.8402072395555968	0.8717819210549569
HEXEvent_DSC	7	0.8847690109051646	0.8698806541269826	0.887035377202767	0.8683332128819186	0.8614858376761504
HEXEvent_DSC	14	0.8960835754758073	0.8797273851460015	0.8953007417246469	0.8642807394979528	0.8735194840118945
HEXEvent_DSC	16	0.889412870481007	0.877244101128349	0.8986670112591982	0.8667928346819532	0.8780770548361495
HEXEvent_DSC	21	0.8900126071560044	0.8729573869238557	0.893101308205262	0.8523082411889231	0.874726794894341
HEXEvent_DSC	17	0.8889869362894076	0.8660454899844376	0.8818445973543497	0.8596292132325632	0.8693054139011938
HEXEvent_DSC	22	0.8909471271785628	0.8826614313229156	0.9017990532351874	0.8503211615319899	0.8741556627449879
SingleHead	22	0.8414919528299177	0.8214266095271806	0.8578069955525987	0.7227352450170089	0.8221496305471689
SingleHead	18	0.8598437052226345	0.815355605562051	0.8682485966913055	0.7242468591553205	0.8237082111108313
SingleHead	23	0.9130184172734765	0.8520549883242615	0.9145830646221628	0.7857417265951677	0.8591736627691055
SingleHead	20	0.9234544461780825	0.8569570078706572	0.9121066803220098	0.7633914059444079	0.8577489678315121
SingleHead	22	0.9393522774862187	0.8672972817660607	0.9260134145147013	0.7565393267820409	0.8620255013192586
SingleHead	11	0.8289506852213029	0.8082023039103547	0.860313955055364	0.7016912696758308	0.8075764311344801
SingleHead	17	0.8003675040863302	0.7948052081472263	0.8492291454305158	0.7073562953811183	0.7864016074730905
SingleHead	29	0.9069413953790545	0.8586301024744768	0.9124623623548627	0.7579140821090989	0.8617999164413441
SingleHead	22	0.849887820030317	0.8132179931556368	0.8645270197123504	0.7132277254091254	0.8156679501200939
NoQuery	13	0.8177819063729411	0.8189799045971784	0.852548219942359	0.7025945308735562	0.8186325723722451
NoQuery	13	0.8904817187158119	0.8488104362255192	0.9095722486824926	0.7600416546640629	0.8508551366923458
NoQuery	27	0.935742703809772	0.8508585474760069	0.8946806016124041	0.7693163410064515	0.8596678629638804
NoQuery	14	0.9187298607644928	0.867815091070249	0.9253225797817362	0.7679988651627896	0.8640518378841106
NoQuery	15	0.924582894581217	0.853973901799285	0.9168068733974577	0.7680186731064079	0.8506337991401186
NoQuery	11	0.90321670076011	0.8511030573873286	0.9044185070001101	0.7423223937122408	0.8565414678574554
NoQuery	12	0.8941657411062965	0.8533505657572413	0.9005557008476638	0.7525827473478962	0.8525603506729809
NoQuery	11	0.9012107692783701	0.8560003226365734	0.916470811686491	0.7421816120882064	0.855626110061637
NoQuery	10	0.9122152519161215	0.8587504904085748	0.9119334327499142	0.7671759826726771	0.8624838371054058
MultiHeads	14	0.8410987135388781	0.8352172588166258	0.8700636611432888	0.7248409877300049	0.8302214027791279
MultiHeads	13	0.9075453865438801	0.8686233698288576	0.930711417446351	0.7711748448156669	0.8678038891864072
MultiHeads	17	0.9264841117327478	0.868915292030835	0.9253862552606703	0.7965805701737553	0.8748622313061266
MultiHeads	16	0.9165872512911841	0.8687543066568106	0.9249443476821881	0.771869141568246	0.862162938626446
MultiHeads	19	0.9025093236643066	0.8678145769655576	0.9334188536607319	0.7674166708685278	0.8620545774918329
MultiHeads	14	0.9029257628173388	0.8720968534557001	0.923399478639576	0.7606230009012392	0.879527969106422
MultiHeads	21	0.9223407312150154	0.8724380035048787	0.9265421236924297	0.7686447301972078	0.8686866543111994
MultiHeads	29	0.9407769899687722	0.8719992849124	0.9253962373667007	0.7780736602482236	0.8759293555696703
MultiHeads	40	0.9130169311647706	0.8618779389144284	0.9151736585872232	0.7685436067930955	0.860661343868204
WithConv	20	0.9228471998609071	0.8453257691164231	0.8808085086105414	0.7378216738445047
WithConv	16	0.94402320543069	0.8644750276698825	0.9178085701929524	0.7738785476694894
WithConv	17	0.9010234869368443	0.8170214278874409	0.8730854234286494	0.7608711326003922
WithConv	34	0.9342902178439135	0.8346547721001326	0.8600678199050839	0.7530140260049655
WithConv	17	0.9482953960672885	0.8750921590544785	0.9337562121890888	0.8155333068739989
WithConv	21	0.9456782492956096	0.8808178588329564	0.9221337933411471	0.7891181358907391
WithConv	23	0.968244438610392	0.872153383545809	0.9179551915629034	0.7931986620147788
WithConv	19	0.9593035609908995	0.87623284748363	0.9219487302080484	0.8000354326830906
WithConv	23	0.9599628213689355	0.8730667703396476	0.9110337835588694	0.7815003136217296
NoQueryConv	17	0.9940236726287854	0.8472905534403076	0.8606702456858628	0.7735479002872806	0.8463293152468054
NoQueryConv	4	0.9805555722786428	0.7963674510826861	0.8330256377563401	0.7333963748600282	0.7913857600917651
NoQueryConv	5	0.9873636495598455	0.8202612179285012	0.852557040606924	0.7649327724067178	0.8202272153721984
NoQueryConv	7	0.9910209103056676	0.8282800477174423	0.8540572342825782	0.7395927438064553	0.822120137684647
NoQueryConv	18	0.9950046555830635	0.8336393484938482	0.8815473363755832	0.7906162395507803	0.828146233271145
NoQueryConv	5	0.9808057621012873	0.7970147184438684	0.8229107879879519	0.7618164881850682	0.8146612535383537
NoQueryConv	5	0.9890807004029947	0.8001404659934677	0.8392182532657613	0.7577063619557234	0.7976074541194764
NoQueryConv	16	0.9961606708244893	0.8415123264970087	0.8809187451144849	0.7826169930127626	0.8427248470600303
NoQueryConv	4	0.982223911869075	0.8018375078965543	0.8332572727254706	0.7376786574063386	0.8029202133706879
MultiHeadsConv	21	0.9553371837649459	0.8075104318919026	0.8156281183813311	0.6993411587243852	0.8019192944532194
MultiHeadsConv	57	0.9904798558552291	0.8217450545861867	0.8548944267463556	0.7692168179063503	0.8141101276602759
MultiHeadsConv	21	0.9550468090083868	0.8180177420202561	0.8573736460920205	0.7703001674376309	0.8227760316664409
MultiHeadsConv	38	0.9729119626057124	0.8284916072359059	0.8562277406551737	0.7550253851407002	0.8205588210182639
MultiHeadsConv	57	0.9873637183134901	0.8397924823234951	0.8734665622137983	0.7815281484331398	0.8415779216371776
MultiHeadsConv	20	0.9597310119907871	0.8234690044985515	0.8590346091863259	0.7768678796554767	0.8284735481504745
MultiHeadsConv	51	0.9922904605341837	0.8411686832583999	0.8763502358750228	0.7752122757429738	0.8371808969510006
MultiHeadsConv	27	0.9654297499738087	0.8152755833020324	0.8395976245601648	0.745294714946294	0.8134576711499373
MultiHeadsConv	29	0.9784849844502715	0.824355012025385	0.8660861924713823	0.7821754768196026	0.8325187850917525
MultiHeadsNoQuery	18	0.8264952469173007	0.8223079681029137	0.8542371955816424	0.7116833171960094	0.8213650584613003
MultiHeadsNoQuery	25	0.9176002479130727	0.8630079931235226	0.919015416102227	0.7791891054697453	0.8644472438164521
MultiHeadsNoQuery	26	0.9490655183059241	0.8648910732104299	0.9142545022574445	0.7993070365089125	0.8733907325644279
MultiHeadsNoQuery	14	0.9289530396833567	0.8731995103543313	0.9186310340150027	0.763748730583596	0.8685427531151453
MultiHeadsNoQuery	12	0.9097475827420899	0.8723495640069899	0.9315752505606204	0.7703156124932494	0.8644948658206675
MultiHeadsNoQuery	12	0.895887150902236	0.8561204735599764	0.9080577229577085	0.7362515528294182	0.8616540537210371
MultiHeadsNoQuery	15	0.9000433660173396	0.8422589079898777	0.8939762885553014	0.7523790382536056	0.8431002853298385
MultiHeadsNoQuery	19	0.911752346819555	0.8294490077289517	0.8792216076063696	0.7484167444141316	0.8266339776455754
MultiHeadsNoQuery	9	0.8796237173345837	0.8452630404569982	0.9007095884629087	0.7591379518341266	0.845959517367932
MultiHeadsConvNoQuery	28	0.9512709566478231	0.8204790869008365	0.8395006281044901	0.7371198157201937	0.8248999742639638
MultiHeadsConvNoQuery	26	0.9720079880025102	0.8581217256676119	0.8990656881785224	0.7717349577603216	0.8529018748524515
MultiHeadsConvNoQuery	32	0.9787785872114647	0.8322344882911329	0.8775533506456134	0.7934961241097757	0.8344444762763661
MultiHeadsConvNoQuery	33	0.9776160858366443	0.8554949346163494	0.8853979063853019	0.7668175912824609	0.8546014864583885
MultiHeadsConvNoQuery	17	0.95013323617673	0.8486192005964978	0.8988715185174838	0.7810366866686228	0.8469195087322033
MultiHeadsConvNoQuery	41	0.9888122250281737	0.8600508639801696	0.8974833337379843	0.7864290385130658	0.8676953488217539
MultiHeadsConvNoQuery	40	0.9727615009922893	0.8174693692866246	0.8486346327139216	0.766257609030942	0.8199846369326397
MultiHeadsConvNoQuery	42	0.9864478892861727	0.8699197673550804	0.9095855535674511	0.787685142679466	0.8647227250593352
MultiHeadsConvNoQuery	44	0.9853233917924218	0.8512564124091901	0.8852813383073366	0.7810677812392616	0.8524836244042605

HIPSCI_MAJIQ_D2V_MLP	1	0.7414491158858972	0.7204956133757839	0.7261998849118142	0.6790902259200478	0.7359233657998808
HIPSCI_MAJIQ_D2V_MLP	1	0.7294245263862391	0.706324028999625	0.7431951488021771	0.7064848116258345	0.7065072001590845
HIPSCI_MAJIQ_D2V_MLP	1	0.7352336510442701	0.7310829047661276	0.7430322439287345	0.6743097650694859	0.7254894307411917
HIPSCI_MAJIQ_D2V_MLP	1	0.7341919575851007	0.7080780117416509	0.7338790158036609	0.6677987908961626	0.7195353030103134
HIPSCI_MAJIQ_D2V_MLP	2	0.7399869547176015	0.718006337366412	0.7472270374829362	0.6559554896675108	0.7091522248580766
HIPSCI_MAJIQ_D2V_MLP	2	0.7365100699352789	0.7148931682275302	0.7484424469612163	0.6637889871525365	0.7094306613210456
HIPSCI_MAJIQ_D2V_MLP	1	0.7368312635684111	0.7185876695924643	0.7466533026544125	0.6592652033409647	0.7202962237920446
HIPSCI_MAJIQ_D2V_MLP	2	0.746420586183449	0.7078258605322715	0.738192841688157	0.6692922988591915	0.7137090367125934
HIPSCI_MAJIQ_D2V_MLP	1	0.7324751544020047	0.7135692137017159	0.7463902055533271	0.6723534115100764	0.7140398715515847
HIPSCI_MAJIQ_DSC	9	0.8278121775692859	0.8225855684837057	0.8470856350308321	0.7108506729855342	0.8165303086611753
HIPSCI_MAJIQ_DSC	7	0.8170808749606897	0.7982891603090119	0.8470830840464861	0.7453893511021016	0.7946815424210887
HIPSCI_MAJIQ_DSC	5	0.8109981285527706	0.8137924474992277	0.8529898204913764	0.7174607441898061	0.8129598184277106
HIPSCI_MAJIQ_DSC	8	0.8212696857016846	0.8049753252396601	0.8571711943884261	0.7200500535108388	0.8049909254470202
HIPSCI_MAJIQ_DSC	11	0.8299260987577048	0.8144700695133614	0.8627712408646984	0.7201274167333497	0.8121471818152045
HIPSCI_MAJIQ_DSC	7	0.8150786725530115	0.7995110054354224	0.8289261029842608	0.7255927756803378	0.8117140886535507
HIPSCI_MAJIQ_DSC	6	0.8197799880553546	0.7955203773990622	0.8390507277269519	0.7136659858018981	0.7909185331298144
HIPSCI_MAJIQ_DSC	14	0.8401807308087416	0.8251388842707809	0.868716819789023	0.7276526741457217	0.8189628286365025
HIPSCI_MAJIQ_DSC	9	0.8247296871666925	0.8003791137550826	0.8476706245560002	0.7126416780214455	0.7969526534921276
HIPSCI_MAJIQ_BiLSTM	2	0.6293924935963622	0.6528402853147965	0.645025236203504	0.6570517827737031	0.6544455870989153
HIPSCI_MAJIQ_BiLSTM	2	0.6321467943720569	0.6399197799551499	0.643765720702389	0.6622033293974227	0.6458399116646939
HIPSCI_MAJIQ_BiLSTM	2	0.6304369508635973	0.6513260415948307	0.6423813227869943	0.6317803537492603	0.6467987261637791
HIPSCI_MAJIQ_BiLSTM	2	0.6302593979944225	0.6472093413354607	0.6619871264961618	0.630299875871868	0.6351648215676593
HIPSCI_MAJIQ_BiLSTM	2	0.6301375352224926	0.6362360168498564	0.6412499908948924	0.6312854172270482	0.6480737696489853
HIPSCI_MAJIQ_BiLSTM	2	0.6312584304736475	0.6539468788841005	0.6637332895260216	0.6454745233710043	0.6331454103098222
HIPSCI_MAJIQ_BiLSTM	2	0.6291527209155445	0.6344943359403955	0.6361550595954638	0.6399594618203005	0.6570570112631295
HIPSCI_MAJIQ_BiLSTM	2	0.6324390377590405	0.6332979263042403	0.623881759041864	0.6252253622938059	0.6330279450945766
HIPSCI_MAJIQ_BiLSTM	8	0.6399623109722684	0.6531917223670383	0.6682119923143324	0.6694261619617919	0.6444793704907918

iPSC_D2V_MLP_WithDataLeak	3	0.7550373461805931	0.7125347086943762	0.7397470418184487	0.6596703162608208	0.7214718501997469	0.728227657031003	0.7169646255585387	0.733271506914281
iPSC_D2V_MLP_WithDataLeak	3	0.7371343628487338	0.7306445838448882	0.7458396790858199	0.6179999495083263	0.7202211718013437	0.7354720295216215	0.72132690402672	0.730688101337519
iPSC_D2V_MLP_WithDataLeak	3	0.7497865315263916	0.7119073099895576	0.7535507924680769	0.6452026369599075	0.7226532987877647	0.7281143110377432	0.7290527223469031	0.7268145820042402
iPSC_D2V_MLP_WithDataLeak	3	0.7463731854641191	0.7237338298172243	0.7495012357687378	0.6521060858746373	0.7260367583638165	0.7349081761761974	0.7465115395385136	0.7331941573908394
iPSC_D2V_MLP_WithDataLeak	3	0.7429720453272765	0.7296765664274923	0.7467138475235705	0.6326491486840338	0.7282584487105492	0.7430927959415808	0.7299601417488892	0.7315958752565019
iPSC_D2V_MLP_WithDataLeak	3	0.7458249187408603	0.717564375415706	0.7516222139350001	0.6223051876632045	0.7187685685635421	0.7127110585188883	0.7413155366233587	0.7293916887633427
iPSC_D2V_MLP_WithDataLeak	3	0.7530536912527158	0.7094349534099413	0.7372998154298586	0.678173671737437	0.713839834817492	0.7201867918599563	0.7174305068885539	0.7300275731442084
iPSC_D2V_MLP_WithDataLeak	2	0.7376773520593324	0.7186283567822287	0.734878883896219	0.6273637697187061	0.7211410570233653	0.733253043326988	0.7280741281304351	0.7316328366057592
iPSC_D2V_MLP_WithDataLeak	2	0.7354417459525406	0.7233974166916817	0.7513839005320184	0.6528347579250285	0.7126561534474553	0.7145524312626413	0.7192024658812698	0.7375822238171579
iPSC_Attn_WithDataLeak	32	0.9421083516828359	0.8600984190285978	0.8928753281672177	0.7528248887381782	0.8578461172280201	0.8950660478959266	0.8923306583169847	0.8956927285770786
iPSC_Attn_WithDataLeak	18	0.9312197185895752	0.8899401686235773	0.9164356612751038	0.7616975660416954	0.8895249850624577	0.9044544900093425	0.9136663819623302	0.9141770954901864
iPSC_Attn_WithDataLeak	17	0.9157015907380195	0.8770655416910603	0.9108347943182598	0.7402513953337381	0.8715055460979808	0.9036964646366246	0.900821123675551	0.8977516956313241
iPSC_Attn_WithDataLeak	22	0.9406262301175757	0.8697189097101578	0.8968414336383047	0.7464006516953432	0.872119859355401	0.9055564306846124	0.9048017998231003	0.9050473894241171
iPSC_Attn_WithDataLeak	28	0.9248376056951909	0.8394937758596445	0.8678847840032295	0.7521494754246768	0.8382064905830339	0.8851512898632624	0.8758230752548045	0.8849982024177488
iPSC_Attn_WithDataLeak	29	0.9545922062148248	0.8898275494771378	0.9224476917709498	0.7698087762170381	0.8844182010685185	0.9154206906839901	0.9119927608748032	0.9146655584190432
iPSC_Attn_WithDataLeak	23	0.9554286840601731	0.8961024171520405	0.9189234199429727	0.7764136531890619	0.9036491228064719	0.9159830503786598	0.9154088323484363	0.9201738437426285
iPSC_Attn_WithDataLeak	19	0.9197985322201562	0.8726454586195458	0.8903822913192911	0.7121057179142559	0.873404695935001	0.8980142691456298	0.8925671759368751	0.9061921696844174
iPSC_Attn_WithDataLeak	19	0.9239190092202437	0.8780974899633965	0.9128099280437764	0.7396949047975954	0.8741966113923546	0.9037224021697023	0.8947846355888361	0.8932538187564432
iPSC_DSC_WithDataLeak	11	0.8371118820273141	0.8139626822705998	0.8488219097461215	0.7162658135683453	0.8190497372741847	0.8466034473454906	0.8413746445511027	0.854703612851105
iPSC_DSC_WithDataLeak	21	0.8428105880336821	0.8282056792057706	0.8484889074863466	0.7004490214268515	0.8242152924949799	0.8535551843650339	0.869750903566127	0.8571158544566156
iPSC_DSC_WithDataLeak	19	0.8471705227347699	0.8290650535119557	0.8585584037946171	0.7648515662309785	0.832391196093619	0.8690143897845285	0.8645384589816917	0.8585056201509088
iPSC_DSC_WithDataLeak	15	0.8430225546601169	0.8332602910534599	0.861936678481174	0.7125714210023245	0.83071209142213	0.859964666188802	0.8589701078911794	0.8627828086972323
iPSC_DSC_WithDataLeak	11	0.8298299254742714	0.8027523922188666	0.8332060701060049	0.7193248688982832	0.8088712855556895	0.8410892090917624	0.8370441899004681	0.8431480798558002
iPSC_DSC_WithDataLeak	23	0.85375990702481	0.8454611832858632	0.8754234637972047	0.7061645469526255	0.8241375806324215	0.8733147190143095	0.8674801229039109	0.8674043369382951
iPSC_DSC_WithDataLeak	20	0.8484252280838471	0.8194122340999608	0.8517614876371468	0.7120870708249807	0.8355685635072788	0.8509274159693421	0.8586208717906723	0.8685071244127021
iPSC_DSC_WithDataLeak	17	0.8453438477076052	0.8257437601392845	0.8460803250796225	0.6901832621483373	0.827604259486354	0.8666386994572365	0.8563358527513213	0.8568062967813977
iPSC_DSC_WithDataLeak	13	0.8361084965976353	0.8032629230606405	0.847873772148906	0.7164523536027643	0.8024247288102909	0.8395623701198026	0.8295334125395051	0.8482566526463318
HIPSCI_SUPPA_D2V_MLP	1	0.6447979969150187	0.6177202886750087	0.5992953913762733	0.6001144308390169	0.6092346491239589
HIPSCI_SUPPA_D2V_MLP	1	0.644599568331438	0.5944539552804807	0.6060170681313312	0.7389892395982784	0.5989159725834353
HIPSCI_SUPPA_D2V_MLP	1	0.6476879664851161	0.6053076141234682	0.6038542831199587	0.6877250868449454	0.6006531748050362
HIPSCI_SUPPA_D2V_MLP	1	0.6249227558417549	0.6079059239641822	0.6084902030451221	0.735396470048838	0.611329304299246
HIPSCI_SUPPA_D2V_MLP	1	0.6639728437856166	0.5933908233574821	0.5946917273386934	0.7107411412857763	0.6091716238982021
HIPSCI_SUPPA_D2V_MLP	1	0.6616504436255191	0.6235699580149234	0.6331224524942423	0.663757532195181	0.6055434331055608
HIPSCI_SUPPA_D2V_MLP	1	0.6495099477251196	0.635725364817631	0.6019359085785828	0.641965188177378	0.6316157822652674
HIPSCI_SUPPA_D2V_MLP	1	0.6460025644290518	0.5911461143952069	0.6021991868584847	0.6092934002869441	0.603687293782829
HIPSCI_SUPPA_D2V_MLP	1	0.6552190445974363	0.5833491644126906	0.5859893494125225	0.7029544447762671	0.5980516883286592
HIPSCI_SUPPA_Attn	2	0.6215848659649469	0.6091543264972954	0.6124237169155592	0.6902026125429019	0.5909000358757793
HIPSCI_SUPPA_Attn	4	0.7007149210167612	0.6620607436548066	0.6569415225117948	0.6926617274157321	0.6512253771349104
HIPSCI_SUPPA_Attn	2	0.6065747351725588	0.6143801603435904	0.619136914169335	0.757229379047757	0.5971792735878004
HIPSCI_SUPPA_Attn	3	0.6653596551819941	0.6265691043955129	0.6277881392365726	0.7653574003273251	0.6293231180918477
HIPSCI_SUPPA_Attn	3	0.6671013453905682	0.6243735184432022	0.619882219072916	0.7195716895483606	0.6213185980164652
HIPSCI_SUPPA_Attn	4	0.6636867561755019	0.607707169104726	0.6277908288001026	0.7516144843877473	0.6156959124386155
HIPSCI_SUPPA_Attn	4	0.6384690236501046	0.6246251872866021	0.6098853296594632	0.6916023538294451	0.6232190902230869
HIPSCI_SUPPA_Attn	5	0.6699584399919315	0.6263904803598402	0.6164443276319107	0.6835910858332486	0.6338452707135434
HIPSCI_SUPPA_Attn	5	0.6932356423337807	0.6268555870209681	0.6377811484072599	0.7532180724383425	0.6408103746528236
HIPSCI_SUPPA_DSC	2	0.6912243408543838	0.6064465344093254	0.619274696218416	0.6869645440606174	0.5797501161454034
HIPSCI_SUPPA_DSC	3	0.7090734921014061	0.6148030202129898	0.6089499850768542	0.7463144428503108	0.6050734693270858
HIPSCI_SUPPA_DSC	2	0.703361550237385	0.6265210435025335	0.642685688507636	0.7205517984671751	0.6088096434648886
HIPSCI_SUPPA_DSC	2	0.6787718757950503	0.6182780118676326	0.6148843978369715	0.7143180371001797	0.6211472192916112
HIPSCI_SUPPA_DSC	2	0.6860423836367657	0.6370371949252732	0.6166829646113058	0.6825942132950741	0.6340835735332183
HIPSCI_SUPPA_DSC	2	0.7043522479130765	0.575927257578934	0.6188127654831407	0.6835032236754005	0.579199462416992
HIPSCI_SUPPA_DSC	2	0.6831253102312457	0.62941853639483	0.6185649699076204	0.6925199333634303	0.6092852727837632
HIPSCI_SUPPA_DSC	2	0.694570504414099	0.6106370988905171	0.6098425244028617	0.601116211053639	0.6124255003019053
HIPSCI_SUPPA_DSC	2	0.6856482672167827	0.596509354972138	0.5983944038800741	0.6707392066990719	0.6066652286302877
HEXEvent_Attn	14	0.9089200599450491	0.8984053037790632	0.9124034954010233	0.878187230419729	0.9001596690790261
HEXEvent_Attn	14	0.9310881555747491	0.9101497780834702	0.9310822418177734	0.8834695238828351	0.9023701955849386
HEXEvent_Attn	15	0.9329568807115052	0.911662196250224	0.9275582667246063	0.8906354281601716	0.9166246503464011
HEXEvent_Attn	13	0.9241511825944189	0.9023151914678753	0.9265366218216595	0.8825485458053843	0.8988115505159058
HEXEvent_Attn	16	0.9235904604708159	0.9069233016503269	0.9332202863866583	0.8876579397921911	0.8994314044206494
HEXEvent_Attn	14	0.922428804167592	0.8984593353529355	0.9199491648435948	0.8826333587670632	0.9051401418666251
HEXEvent_Attn	11	0.9134235083389541	0.9062153751222818	0.9260706344975949	0.9024612088161893	0.9069677074662466
HEXEvent_Attn	15	0.9185431395278167	0.9029533826038761	0.9123384781872859	0.8670554489655987	0.9081376107908776
HEXEvent_Attn	17	0.9298782620906664	0.9003108081709044	0.9248824048791339	0.8854728931342924	0.8950447593606887
HEXEvent_D2V_MLP	3	0.9169024650107975	0.8994375296789506	0.9081004406517115	0.8896709296803438	0.89711930988245
HEXEvent_D2V_MLP	3	0.9110405362977538	0.8935789888224303	0.9153993821646029	0.8926244274245094	0.8907793745517549
HEXEvent_D2V_MLP	3	0.9013246283976558	0.8889076463793597	0.8972305626620969	0.867240962407967	0.8935995332659866
HEXEvent_D2V_MLP	3	0.9022296265868915	0.896228403432928	0.9106235116163417	0.8967341487446847	0.8928052280813773
HEXEvent_D2V_MLP	3	0.9070334237064915	0.9037851741304076	0.9163883469410626	0.8739621155323627	0.8963441484919263
HEXEvent_D2V_MLP	3	0.9037316854114718	0.8922027306732948	0.9028310518534022	0.8940833926708203	0.8968692317865996
HEXEvent_D2V_MLP	4	0.9164175313460902	0.896204094136521	0.9057491530250091	0.8872761037732952	0.8987070488626294
HEXEvent_D2V_MLP	4	0.9123614209368929	0.894841720698657	0.9111619347752252	0.8802488101805886	0.8962797451645532
HEXEvent_D2V_MLP	4	0.9116251808756588	0.8948448695840832	0.9106992033501419	0.8725495189900745	0.895171684010753
HEXEvent_BiLSTM	16	0.8543054153077743	0.8582698923629293	0.8640406693189678	0.8418959925961288	0.8625391330401497
HEXEvent_BiLSTM	13	0.8515710305584693	0.855285854199433	0.8780056419095152	0.8672244079517355	0.8472415943525627
HEXEvent_BiLSTM	14	0.8507550406079082	0.8675804680013464	0.8682553883808792	0.8542873231546528	0.8709694701386883
HEXEvent_BiLSTM	14	0.8524212669470591	0.8620272064526457	0.8714425363925701	0.8690969903839983	0.8597195184972055
HEXEvent_BiLSTM	16	0.8524719879110843	0.8761377876875798	0.8849383840072503	0.8567516671601179	0.8693908300033939
HEXEvent_BiLSTM	14	0.853282610401833	0.8667117131916537	0.8801181851799302	0.8711631031503478	0.8690926760341057
HEXEvent_BiLSTM	10	0.84430103826774	0.8601926059049321	0.8687511649532358	0.8541301248923634	0.8655215627619077
HEXEvent_BiLSTM	21	0.855584537299147	0.8599430588133268	0.8639634180982956	0.8639483729413775	0.8663421654872895
HEXEvent_BiLSTM	26	0.8550775418937114	0.871529590895668	0.8786299826241832	0.8549181367402697	0.8591655580547422
HEXEvent_NoLens_Attn	22	0.6878926354506156	0.6355506020672934	0.6795220589572549	0.5802703242964915	0.6331096283067621
HEXEvent_NoLens_DSC	12	0.7087234737014696	0.6180462055330481	0.6662258643448326	0.5695526557303143	0.621504068950637
HEXEvent_NoLens_D2V_MLP	1	0.6519089318035816	0.6136467852185535	0.673732419354827	0.5789022621786146	0.59739510256557






GTEx_Exon_Brain_DSC	6	0.7435357689577374	0.6740710598019759	0.7057026767260153	0.5840387160404384	0.6691775517070359
GTEx_Exon_Brain_DSC	7	0.7447995248146385	0.6498034885278992	0.7068628720648398	0.6186109578852313	0.6609159479854969
GTEx_Exon_Brain_DSC	7	0.7470947572232869	0.6859807978402458	0.6980729247050428	0.5835729543002104	0.6873992489252366
GTEx_Exon_Brain_DSC	5	0.7269154828671218	0.6541974234276767	0.7068189077828172	0.5856414482470701	0.6518806225213137
GTEx_Exon_Brain_DSC	4	0.704692464123617	0.6666147482866261	0.6828833372035983	0.587658702774524	0.6610789697470315
GTEx_Exon_Brain_DSC	3	0.713858335920555	0.6677419576185536	0.6825784914874475	0.5661996023223516	0.6667947064667245
GTEx_Exon_Brain_DSC	6	0.7319190141750119	0.6589432536775085	0.7008420217403077	0.5987412391694013	0.6607579294276444
GTEx_Exon_Brain_DSC	4	0.7148332379252441	0.6539082302630053	0.6763085117578267	0.5638484371284972	0.6511006950530781
GTEx_Exon_Brain_DSC	7	0.7464276999964681	0.6659388244214336	0.6933529043069938	0.5594480770121444	0.6769368814506901
GTEx_Exon_Brain_D2V_MLP	1	0.6199923786731488	0.6210863470361897	0.6589017520178194	0.5690995700624916	0.620866812560748
GTEx_Exon_Brain_D2V_MLP	1	0.6296925959025336	0.6267972418458306	0.6365683875104511	0.5716213839301525	0.6346880340052706
GTEx_Exon_Brain_D2V_MLP	1	0.6181618211135799	0.6188258572068797	0.6426803093467831	0.5393189194305804	0.6139990639902725
GTEx_Exon_Brain_D2V_MLP	1	0.6186377276313496	0.6055062372763822	0.6444052912882162	0.5637334917138239	0.6092635594134862
GTEx_Exon_Brain_D2V_MLP	1	0.6335121612471529	0.6260058900169583	0.6565592978738986	0.5725357945004075	0.6150681574389646
GTEx_Exon_Brain_D2V_MLP	1	0.6540993815819195	0.6217010149885606	0.6419461504245509	0.5491767738863077	0.6333293248998036
GTEx_Exon_Brain_D2V_MLP	1	0.6509854402119845	0.6061077280751515	0.6510737531218133	0.5517502395520617	0.6062779526607309
GTEx_Exon_Brain_D2V_MLP	1	0.6365936017148127	0.6290455131644653	0.6386689810919999	0.5466765281798345	0.624266852049307
GTEx_Exon_Brain_D2V_MLP	1	0.6269931289748433	0.5992606171029325	0.6443869589761789	0.536068157221587	0.6014156946436438
GTEx_Exon_Brain_Attn	5	0.6588070573247826	0.6224775256283438	0.6557987683944545	0.5599307461712523	0.6172834622378652
GTEx_Exon_Brain_Attn	4	0.6225008419109473	0.6099913270679079	0.652538554771236	0.5609451984232857	0.6051307647627843
GTEx_Exon_Brain_Attn	8	0.6302813262907182	0.6272001158236014	0.6322807902531846	0.5462705110338207	0.6220840741255775
GTEx_Exon_Brain_Attn	6	0.7041128720010982	0.6481790755146634	0.689638080400307	0.5537796455647146	0.655271774540716
GTEx_Exon_Brain_Attn	8	0.7203708451901608	0.6613472826580712	0.7089244806322434	0.5991930414507295	0.6531438943976354
GTEx_Exon_Brain_Attn	14	0.8108594349301596	0.688267062190714	0.7172371364172236	0.6360686656780526	0.6842270465096237
GTEx_Exon_Brain_Attn	8	0.717779476383657	0.6515059054950205	0.7040769845729936	0.5994626845751911	0.6576308413121122
GTEx_Exon_Brain_Attn	6	0.6995477224609802	0.6529456126246272	0.676717347729387	0.6103258312881735	0.6526859757716278
GTEx_Exon_Brain_Attn	7	0.7026610427459591	0.6464717544499355	0.683029523212749	0.5621238403439416	0.6459178441789295

GTEx_Exon_Cerebellum_DSC	5	0.7082967856210666	0.6600148420729879	0.6841193454189667	0.5853449492630647	0.6533657003738627
GTEx_Exon_Cerebellum_DSC	5	0.7001901088002864	0.6476593504477719	0.6707440498510014	0.5650113871231817	0.6554982281908859
GTEx_Exon_Cerebellum_DSC	5	0.7027392249277159	0.6374291882209376	0.6717833729918387	0.5948113573055981	0.6448945911612195
GTEx_Exon_Cerebellum_DSC	3	0.6846675393424575	0.6435552620778593	0.663127214458721	0.5766547127344462	0.6403083170954681
GTEx_Exon_Cerebellum_DSC	7	0.7085707895417991	0.6460327162424317	0.6760039037699361	0.5640188388891034	0.6487473218096345
GTEx_Exon_Cerebellum_DSC	7	0.718280480965306	0.6498511877032667	0.6719186687774072	0.5887650854133777	0.6483335291374718
GTEx_Exon_Cerebellum_DSC	6	0.7087700035218293	0.6526029614608881	0.6890694432429778	0.5860178846683657	0.6463519533371733
GTEx_Exon_Cerebellum_DSC	6	0.7071514042774166	0.6618467321791586	0.6920870020207308	0.6054397241642286	0.6558668793971065
GTEx_Exon_Cerebellum_DSC	5	0.7017460256194884	0.6376203153766741	0.6564181714645989	0.5824979892325701	0.6554178968790779
GTEx_Exon_Cerebellum_D2V_MLP	1	0.6070545848636593	0.6018376097696571	0.6228560094653078	0.5554825969810374	0.5947177856532962
GTEx_Exon_Cerebellum_D2V_MLP	1	0.6254336928323663	0.6263623360819984	0.649295647711106	0.5586129623622196	0.6231039456081986
GTEx_Exon_Cerebellum_D2V_MLP	1	0.6203683531999153	0.603681584045955	0.629924416982174	0.5749430396611829	0.6174974601905318
GTEx_Exon_Cerebellum_D2V_MLP	1	0.6334278128090731	0.610572610260778	0.6165915777354729	0.5606034414503035	0.6074401206981936
GTEx_Exon_Cerebellum_D2V_MLP	1	0.6353477532558138	0.6135663622434214	0.6424826241536012	0.5110908609347876	0.6022166730224444
GTEx_Exon_Cerebellum_D2V_MLP	1	0.6365554212212082	0.6017919834003922	0.6331010374533503	0.5599616456643832	0.6077180542392343
GTEx_Exon_Cerebellum_D2V_MLP	1	0.6423025257034429	0.6114336686871233	0.6362311041458456	0.5510862963861625	0.6137915555559995
GTEx_Exon_Cerebellum_D2V_MLP	1	0.6249091571577648	0.605916898679699	0.640409337224026	0.586633451750239	0.6088901908700918
GTEx_Exon_Cerebellum_D2V_MLP	1	0.6264721744428514	0.6175798131032952	0.6421003561135166	0.5697512977607146	0.6182686482309595
GTEx_Exon_Cerebellum_Attn	8	0.6500458774903153	0.6330980551552997	0.657564032358866	0.5763028355716031	0.6239826413030826
GTEx_Exon_Cerebellum_Attn	5	0.6273179984887244	0.6276466520155526	0.6409910439796042	0.5624836855809556	0.62383310139002
GTEx_Exon_Cerebellum_Attn	22	0.7874546019894781	0.6746207595377904	0.7113005522967895	0.613684886402156	0.6691459728108959
GTEx_Exon_Cerebellum_Attn	9	0.7126020061458707	0.6396420353653244	0.6558808282287454	0.592904569339878	0.6375006739843705
GTEx_Exon_Cerebellum_Attn	2	0.568052479318485	0.5731548172133814	0.5866360085085117	0.5189955583379555	0.5718284817722005
GTEx_Exon_Cerebellum_Attn	7	0.6591759086416438	0.6197554488249392	0.6514506569839831	0.5576828814842192	0.6181152776138016
GTEx_Exon_Cerebellum_Attn	6	0.6077893171230531	0.6007972000360503	0.6252350057991101	0.5494999505284017	0.5841242867151465
GTEx_Exon_Cerebellum_Attn	6	0.6553520179816064	0.6459997873065628	0.6748219585527342	0.5861167258747331	0.6432049646968601
GTEx_Exon_Cerebellum_Attn	8	0.7020483161224694	0.6634237645459126	0.6729171913990444	0.5892582963291881	0.6721197825883445

GTEx_Exon_Heart_DSC	2	0.719400506562887	0.6451315049948911	0.7128311095368162	0.599709854007647	0.6331021319894367
GTEx_Exon_Heart_DSC	2	0.7346207860475908	0.6603135970435187	0.7238259444380616	0.5708171055409931	0.65797561075427
GTEx_Exon_Heart_DSC	3	0.7351330755046872	0.6709592734786014	0.7087761594001963	0.5788597073119172	0.6661994654092489
GTEx_Exon_Heart_DSC	3	0.7412309811355472	0.6898265101110782	0.710106993538594	0.5901229626879341	0.683508154546887
GTEx_Exon_Heart_DSC	2	0.7097268528098953	0.6465451447525159	0.714565605520224	0.574969167784371	0.639976778297396
GTEx_Exon_Heart_DSC	2	0.7235037246401705	0.6482823822104159	0.6958395777261485	0.5650264190569595	0.6576312530875518
GTEx_Exon_Heart_DSC	4	0.7551472469296863	0.6544464022673722	0.7308516930944394	0.6022133262084793	0.6510096104376768
GTEx_Exon_Heart_DSC	2	0.7319445360740237	0.6655247075342139	0.7094429616029734	0.5911118762998805	0.6705182398730005
GTEx_Exon_Heart_DSC	2	0.7083478954261405	0.6343435824013844	0.71759063878232	0.6077126227668601	0.6283313074028097
GTEx_Exon_Heart_D2V_MLP	0	0.5920572695075562	0.6059061400106392	0.6786114065860537	0.5516922868023919	0.6106875771215364
GTEx_Exon_Heart_D2V_MLP	0	0.6269344015246301	0.6146382165333482	0.6639022356407361	0.5377284221200713	0.6150791914929066
GTEx_Exon_Heart_D2V_MLP	0	0.6112216736173216	0.5862326347920623	0.669762059897281	0.5511763133916284	0.5990528049366356
GTEx_Exon_Heart_D2V_MLP	0	0.6261829234240548	0.5957033683669004	0.6610284787485963	0.5837741939879569	0.6001516343969274
GTEx_Exon_Heart_D2V_MLP	0	0.5983840136859885	0.6085850718363113	0.65736040016772	0.5549247235802685	0.6125724974216978
GTEx_Exon_Heart_D2V_MLP	1	0.6479711236737355	0.6142495269878377	0.6701295996329993	0.547776182653783	0.6215818985246914
GTEx_Exon_Heart_D2V_MLP	0	0.6295742571208222	0.6114939316005609	0.6891598739989754	0.562855886401996	0.601069136239254
GTEx_Exon_Heart_D2V_MLP	0	0.605401294387864	0.6026162744216507	0.6418059702857872	0.5300395571502037	0.6141631271317384
GTEx_Exon_Heart_D2V_MLP	0	0.6185223257524152	0.59705163144074	0.6382251936924483	0.551924293582593	0.5977630255100149
GTEx_Exon_Heart_Attn	3	0.6545908754485981	0.631053934139437	0.6940635127577198	0.5823301220426506	0.6325907255306564
GTEx_Exon_Heart_Attn	1	0.6244188143665432	0.6175329489600869	0.6521416095254031	0.5245196376060006	0.6242702768801487
GTEx_Exon_Heart_Attn	5	0.7247157419355834	0.636128058092606	0.7197604041190656	0.6010465749421767	0.6488650019050748
GTEx_Exon_Heart_Attn	3	0.6410015291013408	0.6293150136507375	0.6744645811888351	0.6152264133903624	0.6342939888047998
GTEx_Exon_Heart_Attn	2	0.6019224084619056	0.6085922083965855	0.653495904036144	0.5705135849863863	0.6173879060405397
GTEx_Exon_Heart_Attn	2	0.6552696840627154	0.6278444240934449	0.6686434383880148	0.5296514926836003	0.6301370641443622
GTEx_Exon_Heart_Attn	3	0.6500798645928602	0.6059720697268034	0.6696920298738149	0.5650514708584746	0.6065823166590879
GTEx_Exon_Heart_Attn	6	0.7064326189338366	0.6566421983257185	0.6931770164834662	0.5732465604055135	0.6655206042553683
GTEx_Exon_Heart_Attn	4	0.6601722080451964	0.6326396789576694	0.669038091847992	0.5502572940153987	0.6255886440090909


HIPSCI_MAJIQ_NoLens_DSC	11	0.8110892133376746	0.810868622049452	0.8412119736528235	0.6983960241499474	0.8046886771033681
HIPSCI_MAJIQ_NoLens_Attn	15	0.8787390793521039	0.8531319377218916	0.904570503868322	0.7399897336764839	0.852250202472239
HIPSCI_MAJIQ_NoLens_D2V_MLP	1	0.6879761349394498	0.6645884971950193	0.685109150596816	0.6080230989548945	0.6844552317203452






















GTEx_Junc_Heart_Attn	33	0.7970794772094103	0.7677818470093849	0.7774727042085883	0.7459160428852718	0.772986050530174
GTEx_Junc_Heart_Attn	24	0.829264975700192	0.7808666659185376	0.7942402955370369	0.7349636752510209	0.7800489905306988
GTEx_Junc_Heart_Attn	28	0.8496554289140414	0.7927349085506955	0.8096922229946064	0.7656075926415502	0.79258563113086
GTEx_Junc_Heart_Attn	26	0.8252144967820381	0.8000163483213658	0.8106238620248489	0.765380801326117	0.8007284303250797
GTEx_Junc_Heart_Attn	29	0.8406946131645578	0.8019676941012674	0.8047739148696136	0.7511787771837527	0.7933507434084797
GTEx_Junc_Heart_Attn	15	0.6967191058814468	0.7002725191046227	0.7031634584954858	0.6782666208979425	0.7025907118125136
GTEx_Junc_Heart_Attn	22	0.8265805420789231	0.8212203513494505	0.8232704745290756	0.7526656076268521	0.81319520292038
GTEx_Junc_Heart_Attn	21	0.8181194395484185	0.7794405151981091	0.7932517068788609	0.723657022900594	0.7874166908800525
GTEx_Junc_Heart_Attn	24	0.8144470417811438	0.7893981819234364	0.8036742513535715	0.7378614268561413	0.7927884095939173
GTEx_Junc_Brain_Attn	57	0.8447305534406673	0.7984005529430095	0.8200640776424887	0.7552862717678189	0.791473839418713
GTEx_Junc_Brain_Attn	41	0.8452064433979146	0.8181903089054521	0.8246496339291519	0.7675293527319101	0.8235206400577293
GTEx_Junc_Brain_Attn	41	0.8468813606414249	0.8072908151148326	0.8200422306214712	0.7604749926301277	0.8095739182761068
GTEx_Junc_Brain_Attn	33	0.829732677763465	0.8132639109713827	0.8244930513605349	0.752901472763703	0.8092846436712214
GTEx_Junc_Brain_Attn	36	0.8371729865793539	0.8154315346852886	0.8312598807658778	0.7576749750897693	0.8155511210423861
GTEx_Junc_Brain_Attn	33	0.8390324238704533	0.8110208260491741	0.8217941357387055	0.7713433000418901	0.8153701284193505
GTEx_Junc_Brain_Attn	31	0.828126785224574	0.809593472668806	0.828405490091455	0.7739860713009113	0.808783994914033
GTEx_Junc_Brain_Attn	34	0.8466642265781303	0.8315218399153789	0.8388286912383502	0.7638530436935381	0.8256453823759593
GTEx_Junc_Brain_Attn	34	0.81843958366373	0.7857580757549993	0.7995029461184046	0.7386577831730929	0.7918468017775315
GTEx_Junc_Cerebellum_Attn	74	0.8480591980154771	0.8025223130453386	0.8191478780058835	0.7441195882218526	0.8027856026094857
GTEx_Junc_Cerebellum_Attn	49	0.8262802863909529	0.7991587153045133	0.8164265174436015	0.7559677764019065	0.7989449673824612
GTEx_Junc_Cerebellum_Attn	58	0.8353701223114272	0.8060939881826809	0.824847513829688	0.7538262172378658	0.8026748363788214
GTEx_Junc_Cerebellum_Attn	52	0.8339390177774016	0.8121370478894026	0.8290191522267966	0.762283940628138	0.8129062201077023
GTEx_Junc_Cerebellum_Attn	50	0.8346466689321926	0.8109550666449794	0.8261418351994467	0.7423246986435011	0.814124828143686
GTEx_Junc_Cerebellum_Attn	50	0.8304576441948684	0.8028803427886484	0.824506863700973	0.7527894864763449	0.7999398570368802
GTEx_Junc_Cerebellum_Attn	45	0.8317487011283873	0.8181967692676322	0.8383662817687931	0.7697271342563277	0.8152312974982636
GTEx_Junc_Cerebellum_Attn	47	0.8364484568033275	0.821984041044759	0.8369649860065288	0.7668687193791328	0.821264080268612
GTEx_Junc_Cerebellum_Attn	58	0.8185665888272831	0.7945213161030049	0.8144422866601455	0.7395622187585067	0.7938897856776694
GTEx_Junc_Cerebellum_DSC	39	0.7175590759910809	0.7153871283806631	0.7308369783555657	0.6691643263746857	0.7144515592514862
GTEx_Junc_Cerebellum_D2V_MLP	6	0.677565218958267	0.6754085639736231	0.6879547300413752	0.6359911171761269	0.6744448659551645
GTEx_Junc_Cerebellum_D2V_MLP	4	0.6749343667350413	0.6657163256328097	0.6744791765129481	0.643766397794477	0.6759118399298742
GTEx_Junc_Cerebellum_D2V_MLP	4	0.6759802249591115	0.6706904822291802	0.6828154624283497	0.6541431453158206	0.6657574450601035
GTEx_Junc_Cerebellum_D2V_MLP	7	0.6767728361830856	0.6712541441148681	0.6814850564359318	0.6565989229946033	0.6735007524622418
GTEx_Junc_Cerebellum_D2V_MLP	5	0.6767130580595776	0.6797752635317159	0.6854992651381767	0.6302964239257542	0.6737303167178751
GTEx_Junc_Cerebellum_D2V_MLP	4	0.6740356985269651	0.6674647824274353	0.6811225172438605	0.6415889982201881	0.6708926851797726
GTEx_Junc_Cerebellum_D2V_MLP	5	0.6763410179380918	0.6738361421929033	0.6847581053290077	0.6498281457840813	0.6703164272150136
GTEx_Junc_Cerebellum_D2V_MLP	4	0.6699906326962812	0.6759603649599303	0.6883248660570731	0.6531576861521969	0.675176395248156
GTEx_Junc_Cerebellum_D2V_MLP	4	0.6714332285146475	0.6770214080269807	0.6848886245846803	0.6438425522435041	0.678660579599911
GTEx_Junc_Cerebellum_DSC	44	0.7160990109640569	0.7055720096681285	0.7160555343106741	0.671009985475727	0.7110175692687989
GTEx_Junc_Cerebellum_DSC	16	0.699620828993331	0.6923648628123497	0.706523985355649	0.6679979860242863	0.6876174683986508
GTEx_Junc_Cerebellum_DSC	34	0.7121525095304289	0.7070482460171221	0.7185914319944507	0.677817235826306	0.7085970202942735
GTEx_Junc_Cerebellum_DSC	30	0.709386506925057	0.707574824574508	0.7145043043358237	0.654526439707384	0.7032237234032359
GTEx_Junc_Cerebellum_DSC	38	0.7123965566704521	0.7007886452779292	0.7196406977706044	0.6703730654254768	0.7004829171571086
GTEx_Junc_Cerebellum_DSC	29	0.7058973268239498	0.6968218244082516	0.7063177028398778	0.6758814999935226	0.6986419999050636
GTEx_Junc_Cerebellum_DSC	17	0.6967648031359233	0.7032495204242944	0.7154811939859715	0.6599638679588701	0.7037977087993875
GTEx_Junc_Cerebellum_DSC	29	0.7066057873986059	0.7082843218385098	0.7191464398521448	0.6880342579586504	0.7029132082055627
GTEx_Junc_Brain_D2V_MLP	3	0.6740427286069358	0.6703258782949068	0.6799189309615674	0.6630783132455169	0.6645338805071337
GTEx_Junc_Brain_D2V_MLP	5	0.6761614984100768	0.6711372959550994	0.670379988428825	0.6534427459237686	0.6740061458287683
GTEx_Junc_Brain_D2V_MLP	4	0.6741121984911941	0.6693506409792217	0.6746023679709622	0.6568069006822146	0.6682102365984206
GTEx_Junc_Brain_D2V_MLP	3	0.6683684268106207	0.6711678144450733	0.6793239615874412	0.6590535989679528	0.6695801747803439
GTEx_Junc_Brain_D2V_MLP	3	0.6733068547025569	0.6673033301005107	0.6707896766918456	0.6614459807152929	0.6723706661121233
GTEx_Junc_Brain_D2V_MLP	2	0.6670615288459736	0.6690180314267964	0.677695155474445	0.6632998238847239	0.6683425757860164
GTEx_Junc_Brain_D2V_MLP	4	0.6772988413455024	0.6710660125668579	0.6723360616175349	0.6649113445779395	0.6736302948902048
GTEx_Junc_Brain_D2V_MLP	2	0.6725178060642075	0.6792786058924285	0.6796021481362569	0.6488907554981095	0.6685708269439321
GTEx_Junc_Brain_D2V_MLP	2	0.6740418893256884	0.6688455089172103	0.6788753385186633	0.6531193783570655	0.6710681664210889
GTEx_Junc_Heart_D2V_MLP	2	0.6881863968018834	0.670953205499035	0.6730431533756676	0.6752719560915503	0.6760621996216002
GTEx_Junc_Heart_D2V_MLP	2	0.6829245788534766	0.674219531975445	0.675604022557899	0.6881012791933612	0.6735666134489606
GTEx_Junc_Heart_D2V_MLP	2	0.6810172146521252	0.6787290116065288	0.6840497904366482	0.6853522970167129	0.6761353648025419
GTEx_Junc_Heart_D2V_MLP	2	0.6801627710992144	0.6816800946026287	0.6745372707339661	0.7027527882000969	0.6835768977640306
GTEx_Junc_Heart_D2V_MLP	2	0.6755723577017854	0.677915536621967	0.6808893038532928	0.6749068789594932	0.6752853446729232
GTEx_Junc_Heart_D2V_MLP	2	0.680581186795758	0.6765944452893539	0.681735877233038	0.6668111119264447	0.6783638337955037
GTEx_Junc_Heart_D2V_MLP	2	0.6806845028754447	0.6865382135241136	0.6848654358078854	0.6483937459728113	0.6771312467202006
GTEx_Junc_Heart_D2V_MLP	3	0.6845026116448392	0.6804878592294429	0.6869991559495255	0.6469836015937778	0.6803487079132563
GTEx_Junc_Heart_D2V_MLP	2	0.6800016938707342	0.6676407193912176	0.675104933174919	0.6714324646607813	0.6779291328337098
GTEx_Junc_Brain_DSC	10	0.7005789067057806	0.6890754006573759	0.7015178333938591	0.6770307352713967	0.6844293525863263
GTEx_Junc_Brain_DSC	16	0.7030171182647555	0.7001395710325226	0.7024909294168423	0.659174514083081	0.6988685799427944
GTEx_Junc_Brain_DSC	23	0.7099372515793917	0.697784972917093	0.7041075547215376	0.6830986261276898	0.6972845556417328
GTEx_Junc_Brain_DSC	17	0.6972772163222579	0.6995483680287888	0.7031673837019277	0.6682213916850034	0.6950129796570512
GTEx_Junc_Brain_DSC	21	0.7039868629565763	0.6944068087440058	0.6994442577676871	0.684039592737409	0.7006600835710889
GTEx_Junc_Brain_DSC	39	0.7091233352751394	0.6988936406793528	0.7054884508598017	0.6945373961267713	0.6987467568317084
GTEx_Junc_Brain_DSC	31	0.7153755292860957	0.7070657707997984	0.7097130939732668	0.7003494115563526	0.7065909317786071
GTEx_Junc_Heart_DSC	9	0.7044368468601255	0.6845499085271692	0.6843128789480494	0.6969534142664533	0.6926810966502827
GTEx_Junc_Brain_DSC	28	0.7066176467868853	0.7091436109910806	0.7040712919039546	0.6656810087685767	0.7053170528749406
GTEx_Junc_Heart_DSC	22	0.7246603366322468	0.7018883492674034	0.703630453861868	0.701089128226275	0.69653538357106
GTEx_Junc_Heart_DSC	14	0.7175391203741386	0.6941974186417867	0.7042047940325088	0.6942833691640373	0.6951472888025941
GTEx_Junc_Brain_DSC	28	0.7094560076887724	0.697775678964657	0.709511374075914	0.6787266933057593	0.6978056501546813
GTEx_Junc_Heart_DSC	11	0.7142279088075567	0.701001882862644	0.6992278592087003	0.7212242474469452	0.6977914897121781
GTEx_Junc_Heart_DSC	9	0.7131755263341273	0.7088790214702292	0.7103221335996146	0.70480625020108	0.7008475867893721
GTEx_Junc_Heart_DSC	9	0.7121869127350682	0.7004214093151276	0.7113907250984209	0.691953129858704	0.7040877619227499
GTEx_Junc_Heart_DSC	11	0.7154928696660302	0.7105653178864185	0.6967925062410437	0.696983465458144	0.7060046663045861
GTEx_Junc_Heart_DSC	6	0.7055146645887319	0.7001187086684726	0.7070780946712272	0.6816935491520861	0.6959197857185628
GTEx_Junc_Heart_DSC	14	0.7156008284038682	0.6905500688426404	0.6946193963566013	0.6908985042337089	0.7043079251686251


GTEx_Junc_Brain_DSC	11	0.7005789067057806	0.6890754006573759	0.7015178333938591	0.6770307352713967	0.6844293525863263
GTEx_Junc_Brain_D2V_MLP	2	0.6740427286069358	0.6703258782949068	0.6799189309615674	0.6630783132455169	0.6645338805071337
GTEx_Junc_Brain_Attn	56	0.8447305534406673	0.7984005529430095	0.8200640776424887	0.7552862717678189	0.791473839418713

GTEx_Junc_Cerebellum_DSC	39	0.7175590759910809	0.7153871283806631	0.7308369783555657	0.6691643263746857	0.7144515592514862
GTEx_Junc_Cerebellum_D2V_MLP	3	0.677565218958267	0.6754085639736231	0.6879547300413752	0.6359911171761269	0.6744448659551645
GTEx_Junc_Cerebellum_Attn	76	0.8480591980154771	0.8025223130453386	0.8191478780058835	0.7441195882218526	0.8027856026094857

GTEx_Junc_Heart_DSC	6	0.7044368468601255	0.6845499085271692	0.6843128789480494	0.6969534142664533	0.6926810966502827
GTEx_Junc_Heart_D2V_MLP	2	0.6881863968018834	0.670953205499035	0.6730431533756676	0.6752719560915503	0.6760621996216002
GTEx_Junc_Heart_Attn	33	0.7970794772094103	0.7677818470093849	0.7774727042085883	0.7459160428852718	0.772986050530174




































GTEx_Exon_Brain_NoLens_DSC	8	0.7455367297914374	0.6804582607574909	0.6928525162607204	0.5936240127272482	0.6839988082592763
GTEx_Exon_Brain_NoLens_DSC	3	0.7066737821884543	0.6271194872473946	0.6689150588121717	0.6026520284607958	0.6357357015198387
GTEx_Exon_Brain_NoLens_DSC	6	0.7313874612537039	0.669017176818029	0.6808862877302073	0.5631859800997814	0.6669646867760025
GTEx_Exon_Brain_NoLens_DSC	6	0.7306962631838113	0.6673930990095408	0.6981180239463716	0.6288691065781199	0.6696682401646932
GTEx_Exon_Brain_NoLens_DSC	1	0.607729128088695	0.6001436047061378	0.6263146090518121	0.5353151588556412	0.5880640316157484
GTEx_Exon_Brain_NoLens_DSC	7	0.7481178684260916	0.6808871234434662	0.7034279988973576	0.6167657301273793	0.6772078569495893
GTEx_Exon_Brain_NoLens_DSC	5	0.733054692412889	0.6659733921092803	0.6629471653301744	0.6192077197332354	0.6634201818592387
GTEx_Exon_Brain_NoLens_DSC	6	0.7315664693404105	0.659676977396139	0.6856508593210717	0.608481729617621	0.6582147893714022
GTEx_Exon_Brain_NoLens_DSC	5	0.7329667303599393	0.6624424887158032	0.6838391116614122	0.5940639183147106	0.667332962418501
GTEx_Exon_Brain_NoLens_Attn	5	0.643324157641172	0.6131906963717157	0.6266585682565764	0.5397047123239074	0.6051173284220304
GTEx_Exon_Brain_NoLens_Attn	7	0.7135365805654752	0.646571002907371	0.6921742743431313	0.591850384340747	0.6530351998958726
GTEx_Exon_Brain_NoLens_Attn	10	0.7028469742877009	0.650993342224553	0.6700680615156953	0.603531602936522	0.6485980392770504
GTEx_Exon_Brain_NoLens_Attn	15	0.8478969611798671	0.6738891539908455	0.7043152690453272	0.6116259758557622	0.665137433775202
GTEx_Exon_Brain_NoLens_Attn	14	0.7649947339014487	0.6674360532137631	0.6603872213090104	0.5809072773269103	0.6570295036785975
GTEx_Exon_Brain_NoLens_Attn	5	0.6057979636659382	0.5981400007685521	0.6065570599723661	0.539276978866151	0.603038572088623
GTEx_Exon_Brain_NoLens_Attn	5	0.6439403598739303	0.6052647265946024	0.6194527684227763	0.551717121400677	0.6020647091050302
GTEx_Exon_Brain_NoLens_Attn	11	0.7536876190358334	0.6527039534088969	0.678110907627787	0.5954581472972605	0.6494317615579016
GTEx_Exon_Brain_NoLens_Attn	11	0.7351235046349678	0.6435626082225706	0.664049542911197	0.5656808733345698	0.6522140376150355
GTEx_Exon_Brain_NoLens_D2V_MLP	1	0.5853576634394159	0.5866188677197707	0.6284908594925602	0.5594449237418627	0.5964819937318919
GTEx_Exon_Brain_NoLens_D2V_MLP	0	0.601314378032933	0.6065757024031254	0.6020372417299238	0.5339533322743867	0.604303160146995
GTEx_Exon_Brain_NoLens_D2V_MLP	1	0.6109383409445676	0.5826324824425859	0.6106784575357694	0.5066227119228102	0.5812153104018124
GTEx_Exon_Brain_NoLens_D2V_MLP	0	0.6080667160428604	0.5832786622379863	0.6205203337795904	0.5270820181019363	0.5780344621083539
GTEx_Exon_Brain_NoLens_D2V_MLP	1	0.5983397659770817	0.5908666818952927	0.6132165057766887	0.5225168802963528	0.5883100342464832
GTEx_Exon_Brain_NoLens_D2V_MLP	1	0.6127333975494716	0.5796906987667326	0.6164034853215073	0.5231085477616184	0.5869868800208169
GTEx_Exon_Brain_NoLens_D2V_MLP	1	0.6425097274056973	0.5878975496656927	0.611883208751316	0.5272564466162756	0.5886063069195346
GTEx_Exon_Brain_NoLens_D2V_MLP	1	0.6326440605632805	0.6019996714492009	0.6082626502016393	0.5027794183664289	0.5966849119599184
GTEx_Exon_Brain_NoLens_D2V_MLP	0	0.5834890969396045	0.5630723096457523	0.6113710912439887	0.4992639492490449	0.5728594906965984
HIPSCI_MAJIQ_Junc_DSC	10	0.7024168165459406	0.6860172140145373	0.7083098712963799	0.6693431337275456	0.6851423267121083
HIPSCI_MAJIQ_Junc_Attn	21	0.7089161599794759	0.6961810526046381	0.7166373996147055	0.6697478196200041	0.6945771195035018
HIPSCI_MAJIQ_Junc_D2V_MLP	2	0.6824030056077036	0.6833432944869222	0.7028480967915226	0.6660584231041392	0.6819816906621318

GTEx_Junc_Cerebellum_NoLens_D2V_MLP	4	0.6365954197423457	0.629228522957171	0.6332866045693597	0.608847420946183	0.6279327514499689
GTEx_Junc_Cerebellum_NoLens_DSC	49	0.6781372339914058	0.6611979349688714	0.6686031078693978	0.6431271157420827	0.6620898290107724
GTEx_Junc_Cerebellum_NoLens_Attn	45	0.7915402639255863	0.7764785479354069	0.7903548722038091	0.7246973758900865	0.77871430321151
HIPSCI_MAJIQ_Regression_D2V_MLP	1	0.1263994832434949	0.12119203878694032	0.1532303189693945	-54.9970621666878	0.09654835154789744
HIPSCI_MAJIQ_Regression_D2V_MLP	3	0.14091955806042944	0.12761786852101414	0.17006337581917746	-53.71014908442168	0.11918261615812191
HIPSCI_MAJIQ_Regression_D2V_MLP	2	0.14238123976378428	0.11248856626828739	0.1521742256325804	-59.32647332755859	0.1287044889606474
HIPSCI_MAJIQ_Regression_D2V_MLP	3	0.14494866082658725	0.13414856403179087	0.16683873561321927	-60.25905659016257	0.12352200805350375
HIPSCI_MAJIQ_Regression_D2V_MLP	2	0.13270320918307216	0.12072609004909401	0.1542784294527099	-61.24459495941426	0.12602960800552185
HIPSCI_MAJIQ_Regression_D2V_MLP	2	0.11635314547639264	0.13269907956278962	0.1693370621895544	-57.519460824772615	0.1166259758805282
HIPSCI_MAJIQ_Regression_D2V_MLP	2	0.11355553843823363	0.10537378885489607	0.13991605227594278	-54.20647629921175	0.13173083171080588
HIPSCI_MAJIQ_Regression_D2V_MLP	1	0.12299538431170398	0.11891910283222715	0.14955128402531295	-55.81003617918801	0.107713533994085
HIPSCI_MAJIQ_Regression_D2V_MLP	2	0.13662035701497746	0.10946167562523046	0.14270158858164123	-60.62988712200157	0.12826491866947365
HIPSCI_MAJIQ_Regression_DSC	6	0.3067460572892478	0.2728804370209235	0.37906173061866694	-76.56769872903463	0.24587461222710663
HIPSCI_MAJIQ_Regression_DSC	2	0.20905373976154726	0.1934237077279264	0.276770225724638	-70.26308694531454	0.18472727258285293
HIPSCI_MAJIQ_Regression_DSC	5	0.28670743337073284	0.2375275941651656	0.35607674596187444	-102.60445310535187	0.26291100091919184
HIPSCI_MAJIQ_Regression_DSC	6	0.30486031225214894	0.29133308990142787	0.38371164707593314	-71.1827759647681	0.27753922457327396
HIPSCI_MAJIQ_Regression_DSC	3	0.2619745525940931	0.25148259044156135	0.3568511769986503	-100.84829890908955	0.24692898215762757
HIPSCI_MAJIQ_Regression_DSC	2	0.19025678534707477	0.17697354847102806	0.2729137353854392	-78.11474596439726	0.18555100719785633
HIPSCI_MAJIQ_Regression_DSC	4	0.2619857777998782	0.23606675683683973	0.33191121190181133	-61.8711199067407	0.2605804777192151
HIPSCI_MAJIQ_Regression_DSC	5	0.2949628709359212	0.282690513035979	0.3695817011758673	-64.98005986124181	0.2663658840195104
HIPSCI_MAJIQ_Regression_DSC	4	0.254090820192887	0.25138709296885114	0.33594909884934326	-75.38839114252058	0.23917881843897837
HIPSCI_MAJIQ_Regression_Attn	21	0.6164567152310896	0.47020032081306085	0.5714951638786638	-32.432396007284915	0.40969204206344145
HIPSCI_MAJIQ_Regression_Attn	17	0.6616111042940996	0.540447224498428	0.648994451308153	-27.019314935526303	0.566170443919782
HIPSCI_MAJIQ_Regression_Attn	17	0.5859915979851716	0.488945617081592	0.5856894457786337	-22.796957887549226	0.49855115843196823
HIPSCI_MAJIQ_Regression_Attn	15	0.5929383398678176	0.49132066902366106	0.6180346004054978	-30.321421519907503	0.5277711419684956
HIPSCI_MAJIQ_Regression_Attn	10	0.35308013626093243	0.31516282044803146	0.4026551381288169	-30.352069251944453	0.30314660589048226
HIPSCI_MAJIQ_Regression_Attn	16	0.5859893339012825	0.5271086693364289	0.6285451956728865	-23.603451228013974	0.4956825428963713
HIPSCI_MAJIQ_Regression_Attn	13	0.541986081166782	0.468379841275418	0.5951976667847791	-21.135253588557678	0.4886006396308075
HIPSCI_MAJIQ_Regression_Attn	16	0.6327941774169524	0.5139838237580787	0.6309640932341435	-12.953631985414743	0.5116231023725927
HIPSCI_MAJIQ_Regression_Attn	15	0.6444536820528092	0.5548238908516031	0.6691724878909125	-28.61294620913521	0.5521685171820209

iPSC_Attn	47	0.8794372623519923	0.8357142366298523	0.9222073373908182	0.7533687861935379	0.8312857980175439	0.805389148572096	0.8069619750374076	0.8117364865004383
iPSC_Attn	46	0.8816904144964477	0.8411096770492608	0.9241519192520039	0.7621757209020187	0.8382978285418095	0.8101220064541931	0.8122576058500734	0.8185664111236339
iPSC_Attn	40	0.8803768966964856	0.8606985004636499	0.9385237106278701	0.7874319838200698	0.8452398319075819	0.8231519226790102	0.8170127040304536	0.8247406868675632
iPSC_Attn	41	0.8867822696523032	0.8491489557060307	0.9382440825155585	0.7666312533200762	0.8656455568515081	0.8333998141409324	0.8309049567767596	0.8344819016708762
iPSC_Attn	37	0.8878551417347406	0.8400554436703901	0.9283478533347816	0.7610964218306163	0.8385641421234576	0.8116401484983851	0.810544306679557	0.8174284767185376
iPSC_Attn	32	0.8829912593691884	0.8447724399998927	0.934417145514357	0.7591245642939463	0.8542945079077559	0.8172131641615309	0.8170494836740757	0.8299066545365542
iPSC_Attn	37	0.8896574976499002	0.850526753696602	0.9330609309105913	0.7703067634412532	0.8478225397472564	0.8186285760722481	0.8192950242671294	0.8315875185502927
iPSC_Attn	26	0.8639714373332117	0.8467747542024631	0.9353344803645849	0.7634801121310745	0.8545545709337298	0.8276974860510076	0.8292542475040684	0.8473762505465036
iPSC_Attn	41	0.8924137632814774	0.8447851916408475	0.9401761739493276	0.7582573983571902	0.8533385804686988	0.8235010763841827	0.8232765341978125	0.8382659331892195
iPSC_DSC	10	0.7876931719017184	0.7779574891895265	0.8510512547045597	0.7120120328085655	0.7815623399610899	0.7612954497895781	0.7628858099902033	0.7649944289129459
iPSC_DSC	10	0.7864249631141654	0.7822391248358213	0.8434770173707509	0.7277145050807998	0.7832125568514919	0.75844114592182	0.7593337160430991	0.7670231002441243
iPSC_DSC	16	0.7979108282956847	0.8066861001917058	0.8702936341647999	0.7453615762452712	0.7888585649246597	0.7728315932420923	0.7704849581112598	0.7718621571237999
iPSC_DSC	18	0.8050659428406552	0.7850882812027501	0.8607521849252211	0.7163232148958607	0.8066674860384943	0.7735667406266931	0.7699177766413492	0.7700281592203596
iPSC_DSC	6	0.7750436952026605	0.7840915222124585	0.8511874632540347	0.7218202960592783	0.7711401532597469	0.7623219361097149	0.7620358151960219	0.7644974135476446
iPSC_DSC	18	0.8047849439970299	0.7906413443361248	0.8693463845045994	0.7208825901727942	0.7941954758804922	0.7628637239466335	0.7655434177125262	0.7633735728010949
iPSC_DSC	8	0.7851277171154888	0.7802418678031612	0.8531126479002874	0.7166724793719473	0.7770754499513991	0.7646377105772039	0.7674276755669799	0.7710074929734997
iPSC_DSC	28	0.8160091374627032	0.7886087400231051	0.8639396229697188	0.7244948097595676	0.7940071491039444	0.7548133511459825	0.7574612618915694	0.7673542807176467
iPSC_DSC	13	0.7884826975455084	0.7683481240881295	0.8415334532916631	0.6981177828456456	0.7786568640473308	0.7515482020372883	0.7497237016487273	0.7567422849119245

iPSC_D2V_MLP	2	0.7100200652097428	0.7019190641985806	0.7437818235223888	0.6712105285254804	0.7036825702666502	0.6691303220745322	0.6710851979518251	0.7084954114659393
iPSC_D2V_MLP	2	0.7100200652097428	0.7019190641985806	0.7437818235223888	0.6712105285254804	0.7036825702666502	0.6691303220745322	0.6710851979518251	0.7084954114659393
iPSC_D2V_MLP	5	0.7222216720786901	0.7013794001488541	0.7459510213794023	0.6665911351627773	0.7101211559300381	0.6708333160810134	0.6732087991361819	0.7155054813930671
iPSC_D2V_MLP	7	0.7216998335837513	0.7233028134100813	0.7707043792591368	0.6849721461342915	0.7033273586593782	0.6754636401155479	0.6777442885560986	0.7167098195997647
iPSC_D2V_MLP	4	0.7086260476777002	0.7152093500072498	0.7554819163102536	0.6816019717680647	0.7227335950583631	0.6751865134063197	0.6778857819866774	0.712093785301092
iPSC_D2V_MLP	4	0.7130353525316886	0.7113968310742923	0.7494892355788221	0.680370260419559	0.714494552107749	0.6703340110122954	0.6735407848120347	0.7134214121960812
iPSC_D2V_MLP	7	0.7265691053098096	0.7064846101443125	0.7482832371096456	0.6715279631952026	0.71620680419724	0.6736248325922735	0.6771481847433974	0.717629406495572
iPSC_D2V_MLP	7	0.7205033388933753	0.7179934819897874	0.7685052195977506	0.6751666952826265	0.7060670077964094	0.6716030232093311	0.6747756110870683	0.7162154779776815
iPSC_D2V_MLP	5	0.7175371470091332	0.7091494155785326	0.7542651395866659	0.6743607237561008	0.712544082302242	0.6689852018791418	0.6717970042934985	0.7147319314083559
iPSC_D2V_MLP	5	0.7164294502331344	0.7109347294928198	0.7671221864021157	0.6678157501104891	0.7091084360503572	0.6711797747335007	0.6741467865488221	0.7149097389855633
